Age,1982,1987,1990,2000,2010,2020
0,20809347.0,22718200.0,23220851.0,13793799.0,13786434.0,11988057.0
1,17375778.0,20103300.0,23331877.0,11495247.0,15657955.0,14383791.0
2,18273841.0,18528200.0,24180595.0,14010711.0,15617375.0,15266778.0
3,19625509.0,18159500.0,24294365.0,14454335.0,15250805.0,18418078.0
4,18619886.0,19758900.0,21410731.0,15224282.0,15220041.0,17827184.0
5,19421300.0,21920400.0,19982290.0,16933559.0,14732137.0,16547271.0
6,20432542.0,18094400.0,19056078.0,16470140.0,14804470.0,18591806.0
7,21779429.0,19011300.0,20196487.0,17914756.0,13429161.0,17963157.0
8,24032967.0,19404300.0,22015342.0,18752106.0,13666956.0,19353752.0
9,25069633.0,18479700.0,18086546.0,20082026.0,14248825.0,17788070.0
10,25222513.0,19443400.0,19224062.0,26210044.0,14454357.0,17347565.0
11,27323306.0,20351100.0,19310091.0,25137678.0,13935714.0,17695044.0
12,26487340.0,22049900.0,18864678.0,24576191.0,15399559.0,17356919.0
13,28239541.0,23983700.0,19367292.0,26282644.0,15225032.0,16677054.0
14,24538257.0,25161300.0,20460569.0,23190076.0,15893800.0,16179412.0
15,22750897.0,25100400.0,21643791.0,20429326.0,18024484.0,15323224.0
16,25686509.0,27018200.0,23487567.0,20313426.0,18790521.0,15218156.0
17,24417934.0,25751800.0,24536599.0,20065048.0,20775369.0,13730626.0
18,25131408.0,27061200.0,24496002.0,23100427.0,20755274.0,14043179.0
19,27379596.0,23140000.0,25994462.0,19122938.0,21543466.0,14368955.0
20,15620970.0,22052300.0,26036065.0,18393809.0,28026954.0,14563347.0
21,10690834.0,23953300.0,27155679.0,18924822.0,26556649.0,13935509.0
22,14307196.0,23749200.0,24552078.0,18831591.0,24474192.0,15249809.0
23,14284240.0,24800300.0,22823165.0,17931155.0,25695955.0,15325970.0
24,19459780.0,26958500.0,25194187.0,20491797.0,22658768.0,15867040.0
25,18876181.0,15894800.0,24520614.0,21136635.0,19933683.0,17146447.0
26,17932830.0,11477300.0,25287489.0,22874423.0,19709177.0,16826988.0
27,19662511.0,13938900.0,27026864.0,23630435.0,19480836.0,18298935.0
28,18604868.0,14307900.0,15928062.0,24800391.0,22322147.0,19060645.0
29,17487492.0,18745500.0,11504496.0,25160381.0,19568009.0,20514317.0
30,17351297.0,18410500.0,14443119.0,28012344.0,18928369.0,25973082.0
31,14628858.0,17208300.0,14378626.0,25018386.0,19866458.0,25451203.0
32,15269938.0,19054700.0,19060366.0,27718516.0,19474874.0,24037711.0
33,13149025.0,17932700.0,18350283.0,21736582.0,18179478.0,25946853.0
34,12559119.0,17098900.0,17643313.0,24828470.0,20689024.0,22736341.0
35,12401450.0,16757600.0,19377065.0,24799129.0,21186516.0,19586332.0
36,11284882.0,14440100.0,18330697.0,24144848.0,22906980.0,19499941.0
37,10580696.0,14890700.0,17226144.0,27866189.0,23990208.0,19063741.0
38,10255445.0,13057700.0,16887297.0,20923112.0,24730460.0,21799284.0
39,9699156.0,12228900.0,14530609.0,11414017.0,25211795.0,19063634.0
40,10060211.0,12280900.0,15342107.0,14684726.0,27397219.0,17540717.0
41,9999643.0,10799900.0,13010398.0,13059787.0,24956297.0,19339617.0
42,9384301.0,10352100.0,12392389.0,17135981.0,27032542.0,18564211.0
43,9401304.0,9814900.0,11950704.0,18998424.0,21355748.0,17758286.0
44,9592484.0,9415400.0,11012066.0,17364027.0,24012158.0,19752499.0
45,9601925.0,9783900.0,10465110.0,18612172.0,23962574.0,20259918.0
46,9655814.0,9581900.0,9953414.0,18513434.0,23355778.0,22208985.0
47,9297996.0,9025800.0,9445561.0,16745695.0,26972157.0,23233417.0
48,9459632.0,9235300.0,9670367.0,17236621.0,20075084.0,23862010.0
49,9387964.0,9328400.0,9553489.0,14413123.0,11228960.0,24660557.0
50,8579435.0,9540400.0,9248199.0,14711260.0,14097008.0,26062036.0
51,8137913.0,9280400.0,8942550.0,13913927.0,12838832.0,24444570.0
52,8426358.0,9011100.0,9233016.0,12083027.0,16617709.0,26105080.0
53,7776282.0,9154300.0,9098119.0,11737540.0,18351980.0,20959668.0
54,7895513.0,9126000.0,9097675.0,10858446.0,16847642.0,23592942.0
55,7083086.0,8311900.0,8804360.0,10045173.0,17610528.0,23106155.0
56,6911047.0,8134400.0,8802518.0,9708711.0,17738127.0,22559346.0
57,7049455.0,7933700.0,8620744.0,8821540.0,16093888.0,26044142.0
58,6797183.0,7553000.0,7846915.0,8869780.0,16167933.0,19132096.0
59,6053556.0,7574100.0,7634798.0,8925171.0,13701998.0,10559047.0
60,6162246.0,7014200.0,7730945.0,9141141.0,13618204.0,12899885.0
61,5753771.0,6404800.0,6966479.0,7574442.0,13029125.0,12135959.0
62,5688684.0,6655200.0,7060132.0,8611865.0,11276853.0,15464277.0
63,4966706.0,6260000.0,6233873.0,8128275.0,10791633.0,17232007.0
64,4790797.0,5613000.0,5984825.0,8248125.0,9951467.0,15650810.0
65,4804711.0,5538200.0,6169042.0,7808592.0,9073411.0,16295105.0
66,4475235.0,5234400.0,5696874.0,7220066.0,8640965.0,16248455.0
67,4159969.0,5003400.0,4989630.0,7456399.0,7942141.0,14620318.0
68,4246945.0,4359600.0,4885527.0,6503311.0,7740868.0,14550479.0
69,3573510.0,4104900.0,4591447.0,5792092.0,7715897.0,12291203.0
70,3248508.0,4092700.0,4452357.0,6499332.0,7389412.0,11600773.0
71,3067353.0,3621900.0,3732596.0,5045743.0,6265718.0,11228645.0
72,2923408.0,3355300.0,3529123.0,5359819.0,6893225.0,9552234.0
73,2747288.0,3365500.0,3301436.0,4606896.0,6343869.0,9046226.0
74,2361488.0,2790000.0,3035068.0,4062359.0,6080173.0,8162158.0
75,2114856.0,2470100.0,2736912.0,4057266.0,5632477.0,7179399.0
76,1993144.0,2252300.0,2614032.0,3575411.0,5175500.0,6818961.0
77,1688121.0,2020100.0,2123063.0,3025726.0,5082383.0,6019552.0
78,1512955.0,1860800.0,1846321.0,2838736.0,4254858.0,5672036.0
79,1307967.0,1551500.0,1613596.0,2431191.0,3706915.0,5548901.0
80,1114354.0,1366000.0,1494781.0,2310212.0,3737259.0,4919088.0
81,918361.0,1155100.0,1236185.0,1740870.0,2816693.0,4139582.0
82,694784.0,970400.0,1029258.0,1546079.0,2757918.0,4242478.0
83,525285.0,814000.0,852655.0,1304628.0,2237138.0,3711083.0
84,451821.0,691300.0,739811.0,1087369.0,1824190.0,3370647.0
85,,,593736.0,898283.0,1648160.0,2909233.0
85 +,1345486.0,1930900.0,,,,
86,,,467819.0,772037.0,1344215.0,2518664.0
87,,,362274.0,583159.0,1065276.0,2285081.0
88,,,277790.0,441245.0,858879.0,1724439.0
89,,,205925.0,335974.0,715398.0,1389113.0
90,,,139173.0,285875.0,553805.0,1216116.0
91,,,80713.0,181689.0,371079.0,843235.0
92,,,60818.0,140092.0,287676.0,712963.0
93,,,41841.0,100237.0,209291.0,511539.0
94,,,29057.0,75701.0,156456.0,368896.0
95,,,21397.0,58097.0,117522.0,289772.0
96,,,14184.0,42063.0,90889.0,206218.0
97,,,9641.0,31168.0,68648.0,143736.0
98,,,7525.0,23294.0,54689.0,100616.0
99,,,5104.0,15134.0,38231.0,79470.0
100 +,,,6681.0,17877.0,35934.0,118866.0
