Year,1,21.0,22.0,23.0,24.0,25.0,26.0,27.0,28.0,29.0,30.0,31.0,32.0,33.0,34.0,35.0,36.0,37.0,38.0,39.0,40.0,41.0,42.0,43.0,44.0,45.0,46.0,47.0,48.0,49.0,50.0,51.0,Women in Age Range Population Sum,Ratio
1950,2522681.0,790078.0,774428.0,765699.0,759456.0,727321.0,686462.0,673201.0,651224.0,625014.0,653342.0,532345.0,546574.0,550679.0,559057.0,541528.0,552877.0,531098.0,535982.0,510483.0,491979.0,490953.0,465168.0,453861.0,382064.0,407549.0,385431.0,405239.0,401411.0,386071.0,364235.0,331761.0,16932570.0,0.14898394041778654
1955,1710091.0,835295.0,848784.0,836318.0,822916.0,788115.0,780090.0,763514.0,749301.0,747926.0,719225.0,677884.0,662741.0,643241.0,616602.0,644338.0,524465.0,537394.0,541267.0,548164.0,530923.0,541183.0,520495.0,525272.0,502707.0,485022.0,478224.0,451199.0,442745.0,374468.0,395924.0,374663.0,18910405.0,0.09043122027264884
1960,1603500.0,766300.0,830300.0,865500.0,845700.0,836400.0,814500.0,819300.0,834400.0,821600.0,757000.0,766100.0,740200.0,743000.0,732900.0,699800.0,674500.0,661700.0,633500.0,605500.0,640800.0,501000.0,527700.0,540100.0,536100.0,527800.0,536200.0,489100.0,515900.0,493600.0,479100.0,459100.0,20694700.0,0.07748360691384751
1965,1658677.0,953606.0,929169.0,960613.0,947850.0,872150.0,767934.0,832674.0,862429.0,871614.0,839450.0,815832.0,831390.0,817659.0,805745.0,773596.0,765423.0,748908.0,733997.0,729106.0,702623.0,662581.0,646537.0,626432.0,593563.0,623720.0,506824.0,518119.0,520561.0,527993.0,509922.0,516409.0,22814429.0,0.07270298108271743
1970,1883710.0,1205474.0,1207813.0,1147173.0,727710.0,782420.0,960988.0,939019.0,967302.0,952689.0,880168.0,771301.0,836897.0,864902.0,872289.0,845783.0,817939.0,833285.0,817202.0,803955.0,770750.0,750447.0,731931.0,722047.0,727578.0,699203.0,659158.0,646302.0,623848.0,594367.0,619798.0,504037.0,25283775.0,0.07450271962948571
1972,1987000.0,1011000.0,1097000.0,1208000.0,1210000.0,1149000.0,728000.0,783000.0,961000.0,939000.0,966000.0,951000.0,879000.0,770000.0,835000.0,863000.0,871000.0,844000.0,816000.0,831000.0,815000.0,802000.0,769000.0,748000.0,730000.0,720000.0,725000.0,697000.0,656000.0,643000.0,621000.0,591000.0,26229000.0,0.07575584276945366
1973,2037000.0,950000.0,1010000.0,1096000.0,1207000.0,1209000.0,1147000.0,727000.0,782000.0,960000.0,938000.0,965000.0,950000.0,878000.0,769000.0,834000.0,862000.0,870000.0,843000.0,815000.0,830000.0,814000.0,801000.0,767000.0,747000.0,728000.0,718000.0,723000.0,695000.0,654000.0,641000.0,618000.0,26548000.0,0.07672894379990959
1978,1761306.0,755828.0,795193.0,828673.0,826615.0,887739.0,942162.0,1007924.0,1091397.0,1200582.0,1197150.0,1142420.0,720767.0,787517.0,962959.0,938931.0,967913.0,952794.0,877237.0,767245.0,829908.0,856961.0,865495.0,843570.0,810218.0,823403.0,807352.0,794832.0,762654.0,751905.0,732624.0,716711.0,27246679.0,0.06464296070724802
1979,1712077.0,775488.0,755019.0,794328.0,827760.0,825764.0,886808.0,941144.0,1006797.0,1090120.0,1199624.0,1196152.0,1141437.0,720134.0,786777.0,962248.0,938161.0,967056.0,951887.0,876334.0,766465.0,829005.0,855934.0,864351.0,842354.0,808890.0,821921.0,805761.0,793109.0,760836.0,749954.0,730558.0,27272176.0,0.06277742560769628
1980,1636235.0,790713.0,771947.0,750422.0,792174.0,824578.0,828292.0,890109.0,945249.0,1007659.0,1089823.0,1200333.0,1197681.0,1142385.0,719964.0,785662.0,963932.0,939435.0,967720.0,950116.0,872245.0,763962.0,825645.0,853343.0,863315.0,838855.0,806362.0,819005.0,803147.0,789872.0,758338.0,745598.0,27297881.0,0.05994000047109884
1982,1532696.0,769517.0,774775.0,789832.0,771120.0,749656.0,791462.0,823810.0,827426.0,889179.0,944097.0,1006985.0,1088983.0,1199349.0,1196580.0,1141446.0,719334.0,784874.0,962923.0,938296.0,966455.0,948769.0,870757.0,762579.0,823890.0,851129.0,860730.0,836086.0,803254.0,815532.0,799441.0,785918.0,27294184.0,0.05615467383087914
1983,1515295.0,779305.0,769357.0,774630.0,789655.0,770807.0,749374.0,791149.0,823470.0,827032.0,888617.0,943463.0,1006287.0,1088194.0,1198354.0,1195761.0,1140601.0,718852.0,784224.0,962035.0,937408.0,965421.0,947713.0,869697.0,761455.0,822610.0,849596.0,859107.0,834262.0,801357.0,813529.0,797240.0,27260562.0,0.05558561118439158
1984,1511235.0,800493.0,778849.0,768913.0,774181.0,788989.0,770178.0,748766.0,790497.0,822760.0,826484.0,887972.0,942754.0,1005431.0,1087275.0,1197640.0,1195016.0,1139787.0,718326.0,783641.0,961090.0,936462.0,964307.0,946525.0,868571.0,760267.0,821154.0,847971.0,857327.0,832402.0,799403.0,811355.0,27234786.0,0.055489145389282665
1985,1488363.0,819451.0,797751.0,773704.0,763765.0,771409.0,788121.0,771007.0,751141.0,793394.0,826608.0,828858.0,889841.0,943406.0,1007246.0,1088435.0,1198240.0,1195628.0,1139419.0,718092.0,784180.0,958867.0,933504.0,962058.0,944468.0,866148.0,758637.0,818539.0,846194.0,854975.0,831392.0,796367.0,27220845.0,0.054677325409993704
1986,1426158.0,879462.0,819053.0,797054.0,772858.0,763136.0,770855.0,787903.0,770829.0,750958.0,793213.0,826383.0,828427.0,889330.0,942780.0,1006513.0,1087596.0,1197170.0,1194742.0,1138830.0,717581.0,783279.0,957878.0,932398.0,960860.0,943182.0,864911.0,757387.0,817097.0,844463.0,853101.0,829381.0,27278610.0,0.052281182948837934
1987,1385199.0,709086.0,878560.0,818648.0,795976.0,772747.0,762666.0,770670.0,787301.0,770486.0,750336.0,792606.0,825595.0,827647.0,888326.0,941885.0,1005443.0,1086217.0,1195866.0,1193424.0,1137914.0,716952.0,782075.0,956463.0,931130.0,959252.0,941525.0,863297.0,755699.0,815129.0,842302.0,850879.0,27126102.0,0.0510651696288689
1988,1360346.0,906388.0,708027.0,877237.0,816973.0,794085.0,771116.0,761491.0,769577.0,786625.0,770342.0,749797.0,792379.0,825086.0,827375.0,887603.0,941203.0,1004416.0,1085105.0,1194956.0,1192296.0,1137204.0,716348.0,781008.0,954830.0,929671.0,957573.0,939739.0,861652.0,754072.0,813105.0,840030.0,27147309.0,0.050109791729264955
1989,1311553.0,898476.0,905458.0,707073.0,875955.0,816042.0,793188.0,770713.0,760972.0,769381.0,786076.0,770152.0,749553.0,792074.0,824828.0,826794.0,887066.0,940568.0,1003767.0,1084043.0,1193857.0,1191265.0,1136647.0,715800.0,779915.0,953319.0,928386.0,956034.0,938117.0,860070.0,752443.0,811189.0,27179221.0,0.048255724474222425
1990,1260478.0,912977.0,893522.0,894019.0,698931.0,864869.0,809441.0,791595.0,767843.0,758496.0,767364.0,785240.0,768365.0,749202.0,792161.0,823055.0,826834.0,886971.0,940406.0,1001685.0,1082127.0,1192114.0,1188137.0,1132220.0,713707.0,776919.0,949119.0,924139.0,953472.0,932065.0,854326.0,747303.0,27178624.0,0.04637755023948232
1991,1212076.0,933998.0,915877.0,896061.0,896701.0,700393.0,867576.0,812098.0,793605.0,769840.0,760062.0,768877.0,786555.0,769756.0,750564.0,793140.0,824442.0,827878.0,887961.0,941601.0,1002531.0,1083102.0,1193079.0,1188849.0,1133365.0,714141.0,777017.0,949386.0,924121.0,953281.0,931965.0,854004.0,27401826.0,0.04423340254769883
1992,1212343.0,965169.0,934224.0,915879.0,895974.0,897920.0,700260.0,869030.0,813366.0,794275.0,770747.0,760588.0,769074.0,786900.0,770233.0,750690.0,793168.0,824358.0,827672.0,887892.0,941126.0,1001764.0,1082101.0,1191977.0,1187439.0,1132440.0,713308.0,775565.0,947574.0,922375.0,951046.0,929855.0,27503989.0,0.044078806168807
1993,1217000.0,987000.0,966000.0,936000.0,916000.0,896000.0,898000.0,700000.0,870000.0,813000.0,794000.0,771000.0,761000.0,769000.0,787000.0,770000.0,751000.0,793000.0,824000.0,827000.0,888000.0,940000.0,1001000.0,1081000.0,1190000.0,1186000.0,1131000.0,712000.0,774000.0,945000.0,920000.0,949000.0,27546000.0,0.044180643287591664
1994,1193000.0,1003000.0,986000.0,964000.0,935000.0,914000.0,895000.0,898000.0,699000.0,869000.0,813000.0,794000.0,770000.0,760000.0,768000.0,786000.0,770000.0,750000.0,792000.0,824000.0,826000.0,887000.0,940000.0,999000.0,1079000.0,1188000.0,1184000.0,1129000.0,710000.0,772000.0,943000.0,918000.0,27565000.0,0.04327952113187013
1995,1201008.0,981998.0,999681.0,977824.0,956741.0,927680.0,914494.0,895731.0,895985.0,702126.0,868712.0,813381.0,795891.0,772276.0,762346.0,771792.0,787930.0,770107.0,752151.0,794432.0,823907.0,827681.0,886632.0,940070.0,1000430.0,1080439.0,1190322.0,1181836.0,1127009.0,710425.0,770095.0,942760.0,27622884.0,0.04347873306784331
1996,1185000.0,939000.0,983000.0,1000000.0,978000.0,957000.0,928000.0,915000.0,896000.0,897000.0,702000.0,870000.0,814000.0,796000.0,773000.0,763000.0,772000.0,789000.0,771000.0,753000.0,795000.0,824000.0,828000.0,887000.0,940000.0,1000000.0,1080000.0,1189000.0,1181000.0,1126000.0,709000.0,769000.0,27624000.0,0.04289748045178106
1997,1188000.0,904000.0,939000.0,983000.0,1000000.0,978000.0,959000.0,930000.0,917000.0,897000.0,899000.0,702000.0,870000.0,814000.0,796000.0,773000.0,763000.0,772000.0,788000.0,771000.0,752000.0,795000.0,824000.0,828000.0,886000.0,939000.0,999000.0,1077000.0,1187000.0,1178000.0,1124000.0,708000.0,27752000.0,0.04280772556932834
1998,1195000.0,856000.0,906000.0,941000.0,984000.0,1001000.0,980000.0,962000.0,932000.0,918000.0,898000.0,901000.0,702000.0,871000.0,815000.0,797000.0,773000.0,763000.0,773000.0,788000.0,771000.0,752000.0,795000.0,824000.0,827000.0,886000.0,938000.0,998000.0,1076000.0,1186000.0,1176000.0,1122000.0,27912000.0,0.04281312697047865
2000,1166160.0,790541.0,821808.0,841135.0,883936.0,925199.0,973691.0,995701.0,975953.0,954488.0,929220.0,915242.0,896745.0,895971.0,702614.0,869898.0,814511.0,797785.0,773125.0,763260.0,772350.0,789135.0,770634.0,751750.0,792179.0,820721.0,823375.0,881209.0,932586.0,990345.0,1070463.0,1175634.0,27091204.0,0.043045705905134374
2001,1168000.0,782000.0,798000.0,828000.0,846000.0,889000.0,930000.0,979000.0,1001000.0,981000.0,959000.0,934000.0,919000.0,900000.0,899000.0,704000.0,872000.0,817000.0,799000.0,774000.0,764000.0,773000.0,790000.0,771000.0,752000.0,793000.0,821000.0,823000.0,881000.0,933000.0,990000.0,1070000.0,26772000.0,0.04362767070073211
2003,1161000.0,745000.0,754000.0,787000.0,802000.0,829000.0,846000.0,890000.0,931000.0,980000.0,1003000.0,983000.0,961000.0,936000.0,921000.0,903000.0,902000.0,705000.0,875000.0,818000.0,801000.0,776000.0,765000.0,774000.0,790000.0,771000.0,751000.0,791000.0,819000.0,821000.0,878000.0,929000.0,26237000.0,0.04425048595494912
2004,1123000.0,747000.0,747000.0,754000.0,787000.0,801000.0,828000.0,846000.0,889000.0,931000.0,980000.0,1002000.0,982000.0,960000.0,936000.0,920000.0,902000.0,902000.0,705000.0,874000.0,818000.0,801000.0,776000.0,765000.0,773000.0,790000.0,771000.0,750000.0,790000.0,818000.0,820000.0,877000.0,26042000.0,0.043122648030105216
2005,1091316.0,717475.0,724303.0,722848.0,729982.0,760627.0,782125.0,816883.0,839660.0,882203.0,924371.0,973483.0,995080.0,974451.0,954207.0,926907.0,913562.0,896126.0,893579.0,702820.0,870861.0,815550.0,795941.0,771168.0,761606.0,769944.0,786091.0,767125.0,747451.0,787750.0,815028.0,817565.0,25636772.0,0.04256838575464961
2006,1054000.0,705000.0,723000.0,729000.0,726000.0,732000.0,763000.0,785000.0,819000.0,842000.0,884000.0,926000.0,975000.0,997000.0,976000.0,955000.0,928000.0,915000.0,898000.0,895000.0,704000.0,872000.0,817000.0,797000.0,773000.0,763000.0,771000.0,787000.0,768000.0,748000.0,788000.0,816000.0,25577000.0,0.04120889861985377
2008,1087000.0,676000.0,686000.0,711000.0,727000.0,730000.0,727000.0,733000.0,764000.0,784000.0,817000.0,839000.0,880000.0,923000.0,971000.0,992000.0,971000.0,951000.0,924000.0,912000.0,895000.0,891000.0,702000.0,869000.0,814000.0,794000.0,769000.0,760000.0,768000.0,784000.0,764000.0,744000.0,25272000.0,0.043012029123140234
2009,1092000.0,657000.0,676000.0,684000.0,709000.0,725000.0,728000.0,725000.0,731000.0,762000.0,781000.0,815000.0,836000.0,878000.0,920000.0,969000.0,989000.0,969000.0,948000.0,922000.0,910000.0,893000.0,889000.0,700000.0,867000.0,812000.0,792000.0,767000.0,757000.0,765000.0,782000.0,762000.0,25120000.0,0.04347133757961783
2010,1045417.0,615342.0,633182.0,650335.0,662254.0,692406.0,714943.0,725675.0,730412.0,738542.0,771598.0,790366.0,825114.0,846215.0,887193.0,928180.0,978648.0,997629.0,977208.0,954562.0,927939.0,916907.0,898523.0,895344.0,702777.0,868952.0,812419.0,795184.0,770223.0,758369.0,766232.0,781299.0,25013972.0,0.04179332254789443
2011,1045000.0,605000.0,622000.0,638000.0,655000.0,667000.0,697000.0,719000.0,729000.0,734000.0,742000.0,774000.0,794000.0,828000.0,849000.0,890000.0,931000.0,982000.0,1001000.0,981000.0,958000.0,931000.0,920000.0,902000.0,898000.0,705000.0,872000.0,815000.0,798000.0,772000.0,760000.0,768000.0,24937000.0,0.04190560211733568
2012,1067000.0,596000.0,606000.0,621000.0,637000.0,653000.0,665000.0,695000.0,717000.0,727000.0,732000.0,739000.0,772000.0,792000.0,826000.0,847000.0,888000.0,929000.0,980000.0,999000.0,979000.0,956000.0,929000.0,918000.0,900000.0,896000.0,704000.0,870000.0,813000.0,795000.0,770000.0,758000.0,24709000.0,0.0431826459994334
2013,1042000.0,602000.0,598000.0,607000.0,621000.0,636000.0,652000.0,665000.0,695000.0,717000.0,726000.0,730000.0,738000.0,772000.0,791000.0,826000.0,846000.0,887000.0,929000.0,979000.0,999000.0,978000.0,955000.0,929000.0,918000.0,899000.0,895000.0,703000.0,869000.0,811000.0,794000.0,769000.0,24536000.0,0.042468209977176395
2014,1041000.0,596000.0,605000.0,599000.0,606000.0,620000.0,635000.0,651000.0,664000.0,694000.0,716000.0,725000.0,730000.0,738000.0,771000.0,790000.0,825000.0,846000.0,887000.0,928000.0,979000.0,998000.0,977000.0,955000.0,928000.0,917000.0,898000.0,894000.0,702000.0,867000.0,810000.0,793000.0,24344000.0,0.04276207689779823
2015,970336.0,586960.0,575793.0,584220.0,583763.0,596497.0,611419.0,631629.0,651192.0,663158.0,692947.0,716873.0,727730.0,730603.0,737978.0,770654.0,790480.0,822348.0,843804.0,884669.0,924082.0,974075.0,994671.0,974693.0,950679.0,922380.0,909657.0,890291.0,888578.0,697021.0,859623.0,805459.0,23993926.0,0.040440901584842766
2016,960000.0,604000.0,602000.0,591000.0,597000.0,595000.0,607000.0,621000.0,641000.0,660000.0,672000.0,701000.0,725000.0,736000.0,738000.0,745000.0,778000.0,798000.0,830000.0,851000.0,892000.0,932000.0,982000.0,1003000.0,983000.0,958000.0,930000.0,917000.0,897000.0,895000.0,702000.0,865000.0,24048000.0,0.03992015968063872
2017,1000000.0,600000.0,611000.0,609000.0,596000.0,599000.0,597000.0,608000.0,623000.0,642000.0,661000.0,672000.0,702000.0,726000.0,736000.0,738000.0,745000.0,778000.0,797000.0,829000.0,851000.0,892000.0,932000.0,982000.0,1002000.0,982000.0,958000.0,929000.0,916000.0,896000.0,893000.0,701000.0,23803000.0,0.042011511154056214
2018,961000.0,613000.0,607000.0,618000.0,612000.0,598000.0,601000.0,598000.0,609000.0,623000.0,643000.0,661000.0,672000.0,702000.0,726000.0,736000.0,738000.0,745000.0,777000.0,797000.0,829000.0,851000.0,891000.0,931000.0,981000.0,1002000.0,981000.0,957000.0,928000.0,915000.0,895000.0,892000.0,23729000.0,0.04049896750811244
2019,941000.0,622000.0,620000.0,614000.0,623000.0,614000.0,599000.0,602000.0,598000.0,611000.0,625000.0,643000.0,662000.0,673000.0,702000.0,726000.0,736000.0,738000.0,745000.0,778000.0,798000.0,829000.0,851000.0,892000.0,931000.0,981000.0,1002000.0,980000.0,956000.0,927000.0,914000.0,894000.0,23486000.0,0.04006642254960402
2020,866525.0,578734.0,586497.0,586024.0,584255.0,594097.0,594502.0,584368.0,592946.0,591964.0,606266.0,618786.0,638083.0,657183.0,667245.0,695106.0,719706.0,730322.0,732178.0,737400.0,770853.0,789164.0,820244.0,840905.0,880465.0,917469.0,968651.0,989261.0,969591.0,942331.0,914413.0,901504.0,22800513.0,0.03800462735202493
2021,836000.0,607000.0,610000.0,622000.0,623000.0,622000.0,629000.0,625000.0,610000.0,616000.0,613000.0,626000.0,637000.0,655000.0,674000.0,682000.0,710000.0,735000.0,745000.0,746000.0,751000.0,785000.0,803000.0,834000.0,855000.0,895000.0,933000.0,985000.0,1006000.0,986000.0,959000.0,930000.0,23109000.0,0.03617638149638669
2022,828000.0,605000.0,614000.0,617000.0,628000.0,626000.0,624000.0,630000.0,626000.0,611000.0,616000.0,613000.0,625000.0,637000.0,655000.0,673000.0,682000.0,710000.0,734000.0,745000.0,746000.0,751000.0,784000.0,803000.0,834000.0,855000.0,895000.0,932000.0,984000.0,1005000.0,984000.0,957000.0,22801000.0,0.03631419674575676
2023,797000.0,595000.0,616000.0,622000.0,622000.0,631000.0,629000.0,626000.0,632000.0,627000.0,612000.0,617000.0,614000.0,626000.0,637000.0,655000.0,673000.0,682000.0,710000.0,734000.0,744000.0,746000.0,751000.0,784000.0,802000.0,833000.0,854000.0,894000.0,931000.0,983000.0,1003000.0,983000.0,22468000.0,0.035472672244970624
2024,757000.0,584000.0,610000.0,627000.0,631000.0,629000.0,636000.0,633000.0,630000.0,635000.0,630000.0,614000.0,619000.0,616000.0,628000.0,639000.0,656000.0,674000.0,683000.0,710000.0,734000.0,745000.0,746000.0,751000.0,784000.0,803000.0,833000.0,854000.0,893000.0,930000.0,982000.0,1002000.0,22141000.0,0.034189964319588095
